let-ladder	official	6119366915	0.62	0	22	45.17	Accepted 22 declarations.	
let-ladder	trusted	2728328948	0.21	0	13	45.17	con-leche: accepted 13 declarations (--trusted)	
let-ladder	verified	2728552461	0.22	0	13	45.17	con-leche: accepted 13 declarations (--verified)	
beta-ladder	official	10129000432	1.13	0	20	45.17	Accepted 20 declarations.	
beta-ladder	trusted	14152335419	1.24	0	11	45.87	con-leche: accepted 11 declarations (--trusted)	
beta-ladder	verified	14156048034	1.20	0	11	45.87	con-leche: accepted 11 declarations (--verified)	
init-prelude	official	2207121818	0.23	0	2056	45.87	Accepted 2056 declarations.	
init-prelude	trusted	2534895324	0.29	0	1777	45.87	con-leche: accepted 1777 declarations (--trusted)	
init-prelude	verified	2654956361	0.30	0	1777	45.87	con-leche: accepted 1777 declarations (--verified)	
grind-ring-5	official	13413234018	2.07	0	2429	45.87	Accepted 2429 declarations.	
grind-ring-5	trusted	17662814872	2.24	0	2185	46.93	con-leche: accepted 2185 declarations (--trusted)	
grind-ring-5	verified	18768300630	2.03	0	2185	46.93	con-leche: accepted 2185 declarations (--verified)	
app-lam	official	29417888832	3.39	0	34	44.21	Accepted 34 declarations.	
app-lam	trusted	70855398198	9.25	0	21	44.21	con-leche: accepted 21 declarations (--trusted)	
app-lam	verified	70862424628	11.51	0	21	42.29	con-leche: accepted 21 declarations (--verified)	
init-full	official	439687810830	84.23	0	59430	45.39	Accepted 59430 declarations.	
init-full	trusted	469226819353	91.38	0	57977	82.82	con-leche: accepted 57977 declarations (--trusted)	
init-full	verified	485368173940	84.59	0	57977	119.92	con-leche: accepted 57977 declarations (--verified)	
mathlib-full	official	10262351612972	2127.09	0	707578	124.61	Accepted 707578 declarations.	10985588
mathlib-full	trusted	7730022809405	803.46	0	691203	5.36	con-leche: accepted 691203 declarations (--trusted)	6642960
mathlib-full	verified	8367659135705	869.44	0	691203	132.94	con-leche: accepted 691203 declarations (--verified)	6611116
